<?xml version="1.0" encoding="UTF-8" standalone="no" ?>
<?xml-stylesheet href="rptstyle.xsl" type="text/xsl" ?>
<doc>
<title>Compile Report</title>
<text>Microchip Technology Inc. - Microchip Libero Software Release 2025.1 (Version 2025.1.0.14)</text>
<text>Date: Mon Nov 17 14:12:40 2025
</text>
<section><name>Device Selection</name></section>
<table>
<header>
</header>
<row>
 <cell>Family</cell>
 <cell>PolarFireSoC</cell>
</row>
<row>
 <cell>Device</cell>
 <cell>MPFS095T</cell>
</row>
<row>
 <cell>Package</cell>
 <cell>FCSG325</cell>
</row>
<row>
 <cell>Speed Grade</cell>
 <cell>-1</cell>
</row>
<row>
 <cell>Core Voltage</cell>
 <cell>1.0V</cell>
</row>
<row>
 <cell>Part Range</cell>
 <cell>EXT</cell>
</row>
<row>
 <cell>Default I/O technology</cell>
 <cell>LVCMOS 1.8V</cell>
</row>
</table>
<section><name>Source Files</name></section>
<table>
<header>
</header>
<row>
 <cell>Topcell</cell>
 <cell>diagram</cell>
</row>
<row>
 <cell>Format</cell>
 <cell>Verilog</cell>
</row>
<row>
 <cell>Source</cell>
 <cell>E:\FPGA\SoC\bit8password\synthesis\diagram.vm</cell>
</row>
</table>
<section><name>Options</name></section>
<table>
<header>
</header>
<row>
 <cell>Limit the number of high fanout nets to display to</cell>
 <cell>10</cell>
</row>
</table>
<section><name>Resource Usage</name></section>
<table>
<header>
 <cell>Type</cell>
 <cell>Used</cell>
 <cell>Total</cell>
 <cell>Percentage</cell>
</header>
<row>
 <cell>4LUT</cell>
 <cell>112</cell>
 <cell>93516</cell>
 <cell>0.12</cell>
</row>
<row>
 <cell>DFF</cell>
 <cell>73</cell>
 <cell>93516</cell>
 <cell>0.08</cell>
</row>
<row>
 <cell>User I/O</cell>
 <cell>18</cell>
 <cell>80</cell>
 <cell>22.50</cell>
</row>
<row>
 <cell>-- Single-ended I/O</cell>
 <cell>18</cell>
 <cell>80</cell>
 <cell>22.50</cell>
</row>
<row>
 <cell>-- Differential I/O Pairs</cell>
 <cell>0</cell>
 <cell>40</cell>
 <cell>0.00</cell>
</row>
<row>
 <cell>-- I/Os using I/O Registers</cell>
 <cell>0</cell>
 <cell>80</cell>
 <cell>0.00</cell>
</row>
<row>
 <cell>I/O Register Flip-Flops </cell>
 <cell>0</cell>
 <cell>240</cell>
 <cell>0.00</cell>
</row>
<row>
 <cell>-- Input  I/O Flip-Flops </cell>
 <cell>0</cell>
 <cell>80</cell>
 <cell>0.00</cell>
</row>
<row>
 <cell>-- Output I/O Flip-Flops </cell>
 <cell>0</cell>
 <cell>80</cell>
 <cell>0.00</cell>
</row>
<row>
 <cell>-- Enable I/O Flip-Flops </cell>
 <cell>0</cell>
 <cell>80</cell>
 <cell>0.00</cell>
</row>
<row>
 <cell>uSRAM</cell>
 <cell>0</cell>
 <cell>876</cell>
 <cell>0.00</cell>
</row>
<row>
 <cell>LSRAM</cell>
 <cell>0</cell>
 <cell>308</cell>
 <cell>0.00</cell>
</row>
<row>
 <cell>Math</cell>
 <cell>0</cell>
 <cell>292</cell>
 <cell>0.00</cell>
</row>
<row>
 <cell>H-Chip Global</cell>
 <cell>1</cell>
 <cell>48</cell>
 <cell>2.08</cell>
</row>
<row>
 <cell>PLL</cell>
 <cell>0</cell>
 <cell>8</cell>
 <cell>0.00</cell>
</row>
<row>
 <cell>DLL</cell>
 <cell>0</cell>
 <cell>8</cell>
 <cell>0.00</cell>
</row>
<row>
 <cell>OSC_RC2MHZ</cell>
 <cell>1</cell>
 <cell>1</cell>
 <cell>100.00</cell>
</row>
<row>
 <cell>Transceiver Lanes</cell>
 <cell>0</cell>
 <cell>2</cell>
 <cell>0.00</cell>
</row>
<row>
 <cell>Transceiver PCIe</cell>
 <cell>0</cell>
 <cell>2</cell>
 <cell>0.00</cell>
</row>
<row>
 <cell>ICB_CLKINT</cell>
 <cell>1</cell>
 <cell>68</cell>
 <cell>1.47</cell>
</row>
<row>
 <cell>MSS</cell>
 <cell>0</cell>
 <cell>1</cell>
 <cell>0.00</cell>
</row>
</table>
<section><name>Detailed Logic Resource Usage</name></section>
<table>
<header>
 <cell>Type</cell>
 <cell>4LUT</cell>
 <cell>DFF</cell>
</header>
<row>
 <cell>Fabric Logic</cell>
 <cell>112</cell>
 <cell>73</cell>
</row>
<row>
 <cell>uSRAM Interface Logic</cell>
 <cell>0</cell>
 <cell>0</cell>
</row>
<row>
 <cell>LSRAM Interface Logic</cell>
 <cell>0</cell>
 <cell>0</cell>
</row>
<row>
 <cell>Math Interface Logic</cell>
 <cell>0</cell>
 <cell>0</cell>
</row>
<row>
 <cell>Total Used</cell>
 <cell>112</cell>
 <cell>73</cell>
</row>
</table>
<section><name>Detailed Carry Chains Resource Usage</name></section>
<table>
<header>
</header>
<row>
 <cell>Length</cell>
 <cell>Used</cell>
</row>
<row>
 <cell>7</cell>
 <cell>1</cell>
</row>
<row>
 <cell>26</cell>
 <cell>1</cell>
</row>
<row>
 <cell>33</cell>
 <cell>1</cell>
</row>
<row>
 <cell>Total</cell>
 <cell>3</cell>
</row>
</table>
<section><name>I/O Function</name></section>
<table>
<header>
 <cell>Type</cell>
 <cell>w/o register</cell>
 <cell>w/ register</cell>
 <cell>w/ DDR register</cell>
</header>
<row>
 <cell>Input I/O</cell>
 <cell>10</cell>
 <cell>0</cell>
 <cell>0</cell>
</row>
<row>
 <cell>Output I/O</cell>
 <cell>8</cell>
 <cell>0</cell>
 <cell>0</cell>
</row>
<row>
 <cell>Bidirectional I/O</cell>
 <cell>0</cell>
 <cell>0</cell>
 <cell>0</cell>
</row>
<row>
 <cell>Differential Input I/O Pairs</cell>
 <cell>0</cell>
 <cell>0</cell>
 <cell>0</cell>
</row>
<row>
 <cell>Differential Output I/O Pairs</cell>
 <cell>0</cell>
 <cell>0</cell>
 <cell>0</cell>
</row>
</table>
<section><name>Nets assigned to chip global resources</name></section>
<table>
<header>
 <cell>Fanout</cell>
 <cell>Type</cell>
 <cell>Name</cell>
</header>
<row>
 <cell>73</cell>
 <cell>INT_NET</cell>
 <cell>Net   : PF_OSC_C0_0_RCOSC_2MHZ_GL</cell>
</row>
<row>
 <cell></cell>
 <cell></cell>
 <cell>Driver: PF_OSC_C0_0/PF_OSC_C0_0/I_OSC_2_INT/U0_RGB1</cell>
</row>
<row>
 <cell></cell>
 <cell></cell>
 <cell>Source: NETLIST</cell>
</row>
</table>
<section><name>Nets assigned to row global resources</name></section>
<table>
<header>
 <cell>Fanout</cell>
 <cell>Type</cell>
 <cell>Name</cell>
</header>
</table>
<section><name>High fanout nets</name></section>
<table>
<header>
 <cell>Fanout</cell>
 <cell>Type</cell>
 <cell>Name</cell>
</header>
<row>
 <cell>73</cell>
 <cell>INT_NET</cell>
 <cell>Net   : rst_n_c</cell>
</row>
<row>
 <cell></cell>
 <cell></cell>
 <cell>Driver: rst_n_ibuf</cell>
</row>
<row>
 <cell>33</cell>
 <cell>INT_NET</cell>
 <cell>Net   : button_press_detector_0/stable_state_1_sqmuxa_Z</cell>
</row>
<row>
 <cell></cell>
 <cell></cell>
 <cell>Driver: button_press_detector_0/stable_state_1_sqmuxa</cell>
</row>
<row>
 <cell>8</cell>
 <cell>INT_NET</cell>
 <cell>Net   : checkpass_0_timefalse[1]</cell>
</row>
<row>
 <cell></cell>
 <cell></cell>
 <cell>Driver: checkpass_0/timefalse[1]</cell>
</row>
<row>
 <cell>8</cell>
 <cell>INT_NET</cell>
 <cell>Net   : segment_c[4]</cell>
</row>
<row>
 <cell></cell>
 <cell></cell>
 <cell>Driver: checkpass_0/timefalse[0]</cell>
</row>
<row>
 <cell>8</cell>
 <cell>INT_NET</cell>
 <cell>Net   : counttime_0/cnt14_Z</cell>
</row>
<row>
 <cell></cell>
 <cell></cell>
 <cell>Driver: counttime_0/cnt14</cell>
</row>
<row>
 <cell>6</cell>
 <cell>INT_NET</cell>
 <cell>Net   : counttime_0/timesecond_cry_cy_Y[0]</cell>
</row>
<row>
 <cell></cell>
 <cell></cell>
 <cell>Driver: counttime_0/timesecond_cry_cy[0]</cell>
</row>
<row>
 <cell>6</cell>
 <cell>INT_NET</cell>
 <cell>Net   : counttime_0/timeseconde</cell>
</row>
<row>
 <cell></cell>
 <cell></cell>
 <cell>Driver: counttime_0/one_sec_pulse_RNIRSAJD</cell>
</row>
<row>
 <cell>5</cell>
 <cell>INT_NET</cell>
 <cell>Net   : button_press_detector_0_btn_pulse</cell>
</row>
<row>
 <cell></cell>
 <cell></cell>
 <cell>Driver: button_press_detector_0/btn_pulse</cell>
</row>
<row>
 <cell>4</cell>
 <cell>INT_NET</cell>
 <cell>Net   : button_press_detector_0/stable_state_Z</cell>
</row>
<row>
 <cell></cell>
 <cell></cell>
 <cell>Driver: button_press_detector_0/stable_state</cell>
</row>
<row>
 <cell>3</cell>
 <cell>INT_NET</cell>
 <cell>Net   : counttime_0_timesecond[3]</cell>
</row>
<row>
 <cell></cell>
 <cell></cell>
 <cell>Driver: counttime_0/timesecond[3]</cell>
</row>
</table>
<section><name>High fanout nets (through buffer trees)</name></section>
<table>
<header>
 <cell>Fanout</cell>
 <cell>Type</cell>
 <cell>Name</cell>
</header>
<row>
 <cell>73</cell>
 <cell>INT_NET</cell>
 <cell>Net   : rst_n_c</cell>
</row>
<row>
 <cell></cell>
 <cell></cell>
 <cell>Driver: rst_n_ibuf</cell>
</row>
<row>
 <cell>33</cell>
 <cell>INT_NET</cell>
 <cell>Net   : button_press_detector_0/stable_state_1_sqmuxa_Z</cell>
</row>
<row>
 <cell></cell>
 <cell></cell>
 <cell>Driver: button_press_detector_0/stable_state_1_sqmuxa</cell>
</row>
<row>
 <cell>8</cell>
 <cell>INT_NET</cell>
 <cell>Net   : checkpass_0_timefalse[1]</cell>
</row>
<row>
 <cell></cell>
 <cell></cell>
 <cell>Driver: checkpass_0/timefalse[1]</cell>
</row>
<row>
 <cell>8</cell>
 <cell>INT_NET</cell>
 <cell>Net   : segment_c[4]</cell>
</row>
<row>
 <cell></cell>
 <cell></cell>
 <cell>Driver: checkpass_0/timefalse[0]</cell>
</row>
<row>
 <cell>8</cell>
 <cell>INT_NET</cell>
 <cell>Net   : counttime_0/cnt14_Z</cell>
</row>
<row>
 <cell></cell>
 <cell></cell>
 <cell>Driver: counttime_0/cnt14</cell>
</row>
<row>
 <cell>6</cell>
 <cell>INT_NET</cell>
 <cell>Net   : counttime_0/timesecond_cry_cy_Y[0]</cell>
</row>
<row>
 <cell></cell>
 <cell></cell>
 <cell>Driver: counttime_0/timesecond_cry_cy[0]</cell>
</row>
<row>
 <cell>6</cell>
 <cell>INT_NET</cell>
 <cell>Net   : counttime_0/timeseconde</cell>
</row>
<row>
 <cell></cell>
 <cell></cell>
 <cell>Driver: counttime_0/one_sec_pulse_RNIRSAJD</cell>
</row>
<row>
 <cell>5</cell>
 <cell>INT_NET</cell>
 <cell>Net   : button_press_detector_0_btn_pulse</cell>
</row>
<row>
 <cell></cell>
 <cell></cell>
 <cell>Driver: button_press_detector_0/btn_pulse</cell>
</row>
<row>
 <cell>4</cell>
 <cell>INT_NET</cell>
 <cell>Net   : button_press_detector_0/stable_state_Z</cell>
</row>
<row>
 <cell></cell>
 <cell></cell>
 <cell>Driver: button_press_detector_0/stable_state</cell>
</row>
<row>
 <cell>3</cell>
 <cell>INT_NET</cell>
 <cell>Net   : counttime_0_timesecond[3]</cell>
</row>
<row>
 <cell></cell>
 <cell></cell>
 <cell>Driver: counttime_0/timesecond[3]</cell>
</row>
</table>
</doc>
