<?xml version="1.0" encoding="UTF-8" standalone="no" ?>
<?xml-stylesheet href="rptstyle.xsl" type="text/xsl" ?>
<doc>
<title>Global Net Report</title>
<text>Microchip Technology Inc. - Microchip Libero Software Release 2025.1 (Version 2025.1.0.14)</text>
<text>Date: Mon Nov 17 14:18:08 2025
</text>
<section>
<name>Global Nets Information</name>
<table>
<header>
 <cell/>
 <cell> From </cell>
 <cell> GB Location </cell>
 <cell> Net Name </cell>
 <cell> Fanout </cell>
</header>
<row>
 <cell>1</cell>
 <cell>PF_OSC_C0_0/PF_OSC_C0_0/I_OSC_2_INT/U0</cell>
 <cell>(1166, 0)</cell>
 <cell>PF_OSC_C0_0/PF_OSC_C0_0/I_OSC_2_INT/U0_Y</cell>
 <cell>73</cell>
</row>
</table>
<text></text>
</section>
<section>
<name>I/O to GB Connections</name>
<text>(none)</text>
</section>
<section>
<name>Fabric to GB Connections</name>
<table>
<header>
 <cell/>
 <cell> From </cell>
 <cell> From Location </cell>
 <cell> To </cell>
 <cell> Net Name </cell>
 <cell> Net Type </cell>
 <cell> Fanout </cell>
</header>
<row>
 <cell>1</cell>
 <cell>PF_OSC_C0_0/PF_OSC_C0_0/I_OSC_2:CLK</cell>
 <cell>(655, 5)</cell>
 <cell>PF_OSC_C0_0/PF_OSC_C0_0/I_OSC_2_INT/U0</cell>
 <cell>PF_OSC_C0_0/PF_OSC_C0_0/I_OSC_2_CLK_c</cell>
 <cell>HARDWIRED</cell>
 <cell>1</cell>
</row>
</table>
<text></text>
</section>
<section>
<name>CCC to GB Connections</name>
<text>(none)</text>
</section>
<section>
<name>CCC Input Connections</name>
<text>(none)</text>
</section>
<section>
<name>Local Nets to RGB Connections</name>
<text>(none)</text>
</section>
<section>
<name>Global Nets to RGB Connections</name>
<table>
<header>
 <cell/>
 <cell> From </cell>
 <cell> From Location </cell>
 <cell> Net Name </cell>
 <cell> Fanout </cell>
 <cell> </cell>
 <cell> RGB Location </cell>
 <cell> Local Fanout </cell>
</header>
<row>
 <cell>1</cell>
 <cell>PF_OSC_C0_0/PF_OSC_C0_0/I_OSC_2_INT/U0</cell>
 <cell>(1166, 0)</cell>
 <cell>PF_OSC_C0_0/PF_OSC_C0_0/I_OSC_2_INT/U0_Y</cell>
 <cell>73</cell>
 <cell> </cell>
 <cell>(1603, 206)</cell>
 <cell>73</cell>
</row>
</table>
<text></text>
</section>
<section>
<name>Clock Signals Summary</name>
<table>
<header>
</header>
<row>
 <cell>The number of clock signals through  H-Chip Global resources</cell>
 <cell>1</cell>
</row>
<row>
 <cell>The number of clock signals through     Row Global resources</cell>
 <cell>1</cell>
</row>
<row>
 <cell>The number of clock signals through  Sector Global resources</cell>
 <cell>1</cell>
</row>
<row>
 <cell>The number of clock signals through Cluster Global resources</cell>
 <cell>9</cell>
</row>
</table>
<text></text>
</section>
</doc>
