<?xml version="1.0" encoding="UTF-8" standalone="no" ?><toolSetting xmlns="http://actel.com/sweng/afi" component="checkpass" xmlns:actel-cc="http://www.actel.com/XMLSchema/CoreConsole" xmlns:spirit="http://www.spiritconsortium.org/XMLSchema/SPIRIT/1.1"><device VendorTechnology_Die="PA5SOC095T" VendorTechnology_DieVoltage="1.0" VendorTechnology_Family="PolarFireSoC" VendorTechnology_PART_RANGE="EXT" VendorTechnology_Package="fcsg325" VendorTechnology_Speed="-1"><advancedoptions IO_DEFT_STD="LVCMOS18" RESERVEMIGRATIONPINS="1" RESTRICTPROBEPINS="1" RESTRICTSPIPINS="0" SYSTEM_CONTROLLER_SUSPEND_MODE="0" TARGETDEVICESFORMIGRATION="PA5SOC095T" TEMPR="EXT" UNUSED_MSS_IO_RESISTOR_PULL="None" VCCI_1.2_VOLTR="EXT" VCCI_1.5_VOLTR="EXT" VCCI_1.8_VOLTR="EXT" VCCI_2.5_VOLTR="EXT" VCCI_3.3_VOLTR="EXT" VOLTR="EXT"/></device><global_include_path path=""/><tool Constraint_Default="true" Simulation_Default="true" Source_Default="true" Stimulus_Default="true" force_pass="false" internal_name="TUNEPOSTLAYOUT" library="Tool" name="TunePostLayout" state="0" vendor="Actel" version="1.0.100"><configuration/><input_files/><output_files/><report_files/></tool><tool Constraint_Default="true" Simulation_Default="true" Source_Default="true" Stimulus_Default="true" force_pass="false" internal_name="SYNTHESIZE_PS" library="Tool" name="Precision" state="0" vendor="Mentor" version="1.0.100"><configuration/><input_files/><output_files/><report_files/></tool><tool Constraint_Default="true" Simulation_Default="true" Source_Default="true" Stimulus_Default="true" force_pass="false" internal_name="SYNTHESIZE" library="Tool" name="Synthesize" state="0" vendor="Synopsys" version="1.2.106"><configuration><spirit:hwParameter spirit:name="ACTIVE_IMPLEMENTATION">synthesis</spirit:hwParameter><spirit:hwParameter spirit:name="AUTO_COMPILE_POINT">true</spirit:hwParameter><spirit:hwParameter spirit:name="BLOCK_MODE">false</spirit:hwParameter><spirit:hwParameter spirit:name="BLOCK_PLACEMENT_CONFLICTS">ERROR</spirit:hwParameter><spirit:hwParameter spirit:name="BLOCK_ROUTING_CONFLICTS">LOCK</spirit:hwParameter><spirit:hwParameter spirit:name="CDC_MIN_NUM_SYNC_REGS">2</spirit:hwParameter><spirit:hwParameter spirit:name="CDC_REPORT">true</spirit:hwParameter><spirit:hwParameter spirit:name="CLOCK_ASYNC">800</spirit:hwParameter><spirit:hwParameter spirit:name="CLOCK_DATA">5000</spirit:hwParameter><spirit:hwParameter spirit:name="CLOCK_GATE_ENABLE">false</spirit:hwParameter><spirit:hwParameter spirit:name="CLOCK_GATE_ENABLE_THRESHOLD_GLOBAL">1000</spirit:hwParameter><spirit:hwParameter spirit:name="CLOCK_GATE_ENABLE_THRESHOLD_ROW">100</spirit:hwParameter><spirit:hwParameter spirit:name="CLOCK_GLOBAL">2</spirit:hwParameter><spirit:hwParameter spirit:name="CREATE_IMPLEMENTATION_IDENTIFY"/><spirit:hwParameter spirit:name="CREATE_IMPLEMENTATION_SYNTHESIS"/><spirit:hwParameter spirit:name="PA4_GB_COUNT">36</spirit:hwParameter><spirit:hwParameter spirit:name="PA4_GB_MAX_RCLKINT_INSERTION">16</spirit:hwParameter><spirit:hwParameter spirit:name="PA4_GB_MIN_GB_FANOUT_TO_USE_RCLKINT">1000</spirit:hwParameter><spirit:hwParameter spirit:name="RAM_OPTIMIZED_FOR_POWER">false</spirit:hwParameter><spirit:hwParameter spirit:name="RETIMING">false</spirit:hwParameter><spirit:hwParameter spirit:name="ROM_TO_LOGIC">true</spirit:hwParameter><spirit:hwParameter spirit:name="SEQSHIFT_TO_URAM">1</spirit:hwParameter><spirit:hwParameter spirit:name="SYNPLIFY_OPTIONS"/><spirit:hwParameter spirit:name="SYNPLIFY_TCL_FILE"/></configuration><input_files/><output_files/><report_files/></tool><tool Constraint_Default="true" Simulation_Default="true" Source_Default="true" Stimulus_Default="true" force_pass="false" internal_name="SPM_OTP" library="Tool" name="SPMG5SOCOTP" state="0" vendor="Actel" version="1.0.100"><configuration><spirit:hwParameter spirit:name="enable_one_way_passcode">false</spirit:hwParameter><spirit:hwParameter spirit:name="permanently_disable_debugging">false</spirit:hwParameter><spirit:hwParameter spirit:name="permanently_disable_dpk">false</spirit:hwParameter><spirit:hwParameter spirit:name="permanently_disable_factory_access">false</spirit:hwParameter><spirit:hwParameter spirit:name="permanently_disable_prog_interfaces">false</spirit:hwParameter><spirit:hwParameter spirit:name="permanently_disable_upk1">false</spirit:hwParameter><spirit:hwParameter spirit:name="permanently_disable_upk2">false</spirit:hwParameter><spirit:hwParameter spirit:name="permanently_write_protect_fabric">false</spirit:hwParameter></configuration><input_files/><output_files/><report_files/></tool><tool Constraint_Default="true" Simulation_Default="true" Source_Default="true" Stimulus_Default="true" force_pass="false" internal_name="SPM" library="Tool" name="SPMG5SOC" state="0" vendor="Actel" version="1.0.100"><configuration><spirit:hwParameter spirit:name="back_level_protection">true</spirit:hwParameter><spirit:hwParameter spirit:name="debug_passkey"/><spirit:hwParameter spirit:name="disable_authenticate_action">false</spirit:hwParameter><spirit:hwParameter spirit:name="disable_autoprog_iap_services">false</spirit:hwParameter><spirit:hwParameter spirit:name="disable_debug_jtag_boundary_scan">false</spirit:hwParameter><spirit:hwParameter spirit:name="disable_debug_read_temp_volt">false</spirit:hwParameter><spirit:hwParameter spirit:name="disable_debug_ujtag">false</spirit:hwParameter><spirit:hwParameter spirit:name="disable_external_digest_check">false</spirit:hwParameter><spirit:hwParameter spirit:name="disable_ext_zeroization">false</spirit:hwParameter><spirit:hwParameter spirit:name="disable_jtag">false</spirit:hwParameter><spirit:hwParameter spirit:name="disable_program_action">false</spirit:hwParameter><spirit:hwParameter spirit:name="disable_puf_emulation">false</spirit:hwParameter><spirit:hwParameter spirit:name="disable_smartdebug_debug">false</spirit:hwParameter><spirit:hwParameter spirit:name="disable_smartdebug_live_probe">false</spirit:hwParameter><spirit:hwParameter spirit:name="disable_smartdebug_snvm">false</spirit:hwParameter><spirit:hwParameter spirit:name="disable_spi_slave">false</spirit:hwParameter><spirit:hwParameter spirit:name="disable_user_encryption_key_1">false</spirit:hwParameter><spirit:hwParameter spirit:name="disable_user_encryption_key_2">false</spirit:hwParameter><spirit:hwParameter spirit:name="disable_verify_action">false</spirit:hwParameter><spirit:hwParameter spirit:name="envm_update_protection">open</spirit:hwParameter><spirit:hwParameter spirit:name="fabric_update_protection">open</spirit:hwParameter><spirit:hwParameter spirit:name="security_factory_access">open</spirit:hwParameter><spirit:hwParameter spirit:name="security_key_mode">default</spirit:hwParameter><spirit:hwParameter spirit:name="snvm_update_protection">open</spirit:hwParameter><spirit:hwParameter spirit:name="user_encryption_key_1"/><spirit:hwParameter spirit:name="user_encryption_key_2"/><spirit:hwParameter spirit:name="user_passkey_1"/><spirit:hwParameter spirit:name="user_passkey_2"/></configuration><input_files/><output_files/><report_files/></tool><tool Constraint_Default="true" Simulation_Default="true" Source_Default="true" Stimulus_Default="true" force_pass="false" internal_name="SMARTDESIGNCONFIGURATOR" library="Tool" name="SmartDesign" state="0" vendor="Actel" version="1.0.100"><configuration/><input_files/><output_files/><report_files/></tool><tool Constraint_Default="true" Simulation_Default="true" Source_Default="true" Stimulus_Default="true" force_pass="false" internal_name="SMARTDEBUG" library="Tool" name="SmartDebug" state="0" vendor="Actel" version="1.0.101"><configuration/><input_files/><output_files/><report_files/></tool><tool Constraint_Default="true" Simulation_Default="true" Source_Default="true" Stimulus_Default="true" force_pass="false" internal_name="SIM_PRESYNTH" library="Tool" name="RTLSimulation" state="0" vendor="Actel" version="1.0.100"><configuration/><input_files/><output_files/><report_files/></tool><tool Constraint_Default="true" Simulation_Default="true" Source_Default="true" Stimulus_Default="true" force_pass="false" internal_name="SELECT_PROGRAMMER" library="Tool" name="SelectProgrammer" state="0" vendor="Actel" version="1.0.100"><configuration/><input_files/><output_files/><report_files/></tool><tool Constraint_Default="true" Simulation_Default="true" Source_Default="true" Stimulus_Default="true" force_pass="false" internal_name="SDTB" library="Tool" name="SDTB" state="0" vendor="Actel" version="1.0.100"><configuration/><input_files/><output_files/><report_files/></tool><tool Constraint_Default="true" Simulation_Default="true" Source_Default="true" Stimulus_Default="true" force_pass="false" internal_name="PROGRAMMER_INFO" library="Tool" name="ProgrammerInfo" state="0" vendor="Actel" version="1.0.106"><configuration><spirit:hwParameter spirit:name="flashpro3_clk_mode">free_running_clk</spirit:hwParameter><spirit:hwParameter spirit:name="flashpro3_force_freq">OFF</spirit:hwParameter><spirit:hwParameter spirit:name="flashpro3_freq">400000</spirit:hwParameter><spirit:hwParameter spirit:name="flashpro3_vpump">OFF</spirit:hwParameter><spirit:hwParameter spirit:name="flashpro4_clk_mode">free_running_clk</spirit:hwParameter><spirit:hwParameter spirit:name="flashpro4_force_freq">OFF</spirit:hwParameter><spirit:hwParameter spirit:name="flashpro4_freq">400000</spirit:hwParameter><spirit:hwParameter spirit:name="flashpro4_vpump">OFF</spirit:hwParameter><spirit:hwParameter spirit:name="flashpro5_clk_mode">discrete_clk</spirit:hwParameter><spirit:hwParameter spirit:name="flashpro5_force_freq">OFF</spirit:hwParameter><spirit:hwParameter spirit:name="flashpro5_freq">400000</spirit:hwParameter><spirit:hwParameter spirit:name="flashpro5_vpump">OFF</spirit:hwParameter><spirit:hwParameter spirit:name="flashpro6_force_sck_freq">OFF</spirit:hwParameter><spirit:hwParameter spirit:name="flashpro6_force_tck_freq">OFF</spirit:hwParameter><spirit:hwParameter spirit:name="flashpro6_sck_freq">400000</spirit:hwParameter><spirit:hwParameter spirit:name="flashpro6_tck_freq">400000</spirit:hwParameter><spirit:hwParameter spirit:name="flashpro6_vpump">OFF</spirit:hwParameter></configuration><input_files/><output_files/><report_files/></tool><tool Constraint_Default="true" Simulation_Default="true" Source_Default="true" Stimulus_Default="true" force_pass="false" internal_name="NLVIEW" library="Tool" name="NetlistViewer" state="0" vendor="Actel" version="1.0.0"><configuration/><input_files/><output_files/><report_files/></tool><tool Constraint_Default="true" Simulation_Default="true" Source_Default="true" Stimulus_Default="true" force_pass="false" internal_name="MSSCONFIGURATOR" library="Tool" name="G5SOCMSS" state="0" vendor="Actel" version="1.0.100"><configuration/><input_files/><output_files/><report_files/></tool><tool Constraint_Default="true" Simulation_Default="true" Source_Default="true" Stimulus_Default="true" force_pass="false" internal_name="IO_PROGRAMMING_STATE" library="Tool" name="IoProgramState" state="0" vendor="Actel" version="1.0.103"><configuration><spirit:hwParameter spirit:name="ios_file"/></configuration><input_files/><output_files/><report_files/></tool><tool Constraint_Default="true" Simulation_Default="true" Source_Default="true" Stimulus_Default="true" force_pass="false" internal_name="INIT_LOCK_G5" library="Tool" name="g5lock" state="0" vendor="Actel" version="1.0.100"><configuration><spirit:hwParameter spirit:name="CONFIGURATION_OVERRIDE_FILE"/><spirit:hwParameter spirit:name="INIT_LOCK_FILE"/></configuration><input_files/><output_files/><report_files/></tool><tool Constraint_Default="true" Simulation_Default="true" Source_Default="true" Stimulus_Default="true" force_pass="false" internal_name="HDLTB" library="Tool" name="HDLTB" state="0" vendor="Actel" version="1.0.100"><configuration/><input_files/><output_files/><report_files/></tool><tool Constraint_Default="true" Simulation_Default="true" Source_Default="true" Stimulus_Default="true" force_pass="false" internal_name="HDLEDITOR" library="Tool" name="HDL" state="0" vendor="Actel" version="1.0.100"><configuration/><input_files/><output_files/><report_files/></tool><tool Constraint_Default="true" Simulation_Default="true" Source_Default="true" Stimulus_Default="true" force_pass="false" internal_name="GENERATE_SPI_FLASH_IMAGE" library="Tool" name="GenerateSpiFlashImage" state="0" vendor="Actel" version="1.0.100"><configuration/><input_files/><output_files/><report_files/></tool><tool Constraint_Default="true" Simulation_Default="true" Source_Default="true" Stimulus_Default="true" force_pass="false" internal_name="PROGRAM_SPI_FLASH_IMAGE" library="Tool" name="ProgramSpiFlashG5" state="0" vendor="Actel" version="1.0.100"><configuration><spirit:hwParameter spirit:name="spi_flash_prog_action"/></configuration><input_files/><output_files/><report_files/></tool><tool Constraint_Default="true" Simulation_Default="true" Source_Default="true" Stimulus_Default="true" force_pass="false" internal_name="EXPORT_SPIFLASH" library="Tool" name="ExportSpiFlashImage" state="0" vendor="Actel" version="1.0.100"><configuration/><input_files/><output_files/><report_files/></tool><tool Constraint_Default="true" Simulation_Default="true" Source_Default="true" Stimulus_Default="true" force_pass="false" internal_name="EXPORTNETLIST" library="Tool" name="netlist_export" state="0" vendor="Actel" version="1.0.0"><configuration><spirit:hwParameter spirit:name="EXPORT_HDL_TYPE">VERILOG</spirit:hwParameter></configuration><input_files/><output_files/><report_files/></tool><tool Constraint_Default="true" Simulation_Default="true" Source_Default="true" Stimulus_Default="true" force_pass="false" internal_name="SIM_POSTSYNTH" library="Tool" name="PostSynthesisSimulation" state="0" vendor="Actel" version="1.0.100"><configuration/><input_files/><output_files/><report_files/></tool><tool Constraint_Default="true" Simulation_Default="true" Source_Default="true" Stimulus_Default="true" force_pass="false" internal_name="EXPORTDEVMEMINIT" library="Tool" name="ExportDevMemInit" state="0" vendor="Actel" version="1.0.100"><configuration/><input_files/><output_files/><report_files/></tool><tool Constraint_Default="true" Simulation_Default="true" Source_Default="true" Stimulus_Default="true" force_pass="false" internal_name="EDITTIMING_PRESYNTH" library="Tool" name="st_constraints" state="0" vendor="Actel" version="1.0.11"><configuration/><input_files/><output_files/><report_files/></tool><tool Constraint_Default="true" Simulation_Default="true" Source_Default="true" Stimulus_Default="true" force_pass="false" internal_name="EDITTIMING_POSTCOMPILE" library="Tool" name="st_constraints" state="0" vendor="Actel" version="1.0.11"><configuration/><input_files/><output_files/><report_files/></tool><tool Constraint_Default="true" Simulation_Default="true" Source_Default="true" Stimulus_Default="true" force_pass="false" internal_name="EDITIO_PRESYNTH" library="Tool" name="mvn_io" state="0" vendor="Actel" version="1.0.11"><configuration/><input_files/><output_files/><report_files/></tool><tool Constraint_Default="true" Simulation_Default="true" Source_Default="true" Stimulus_Default="true" force_pass="false" internal_name="EDITIO_POSTCOMPILE" library="Tool" name="mvn_io" state="0" vendor="Actel" version="1.0.11"><configuration/><input_files/><output_files/><report_files/></tool><tool Constraint_Default="true" Simulation_Default="true" Source_Default="true" Stimulus_Default="true" force_pass="false" internal_name="EDITFLOORPLAN_PRECOMPILE" library="Tool" name="mvn_fp" state="0" vendor="Actel" version="1.0.11"><configuration/><input_files/><output_files/><report_files/></tool><tool Constraint_Default="true" Simulation_Default="true" Source_Default="true" Stimulus_Default="true" force_pass="false" internal_name="EDITFLOORPLAN_POSTCOMPILE" library="Tool" name="mvn_fp" state="0" vendor="Actel" version="1.0.11"><configuration/><input_files/><output_files/><report_files/></tool><tool Constraint_Default="true" Simulation_Default="true" Source_Default="true" Stimulus_Default="true" force_pass="false" internal_name="EDITCP_POSTCOMPILE" library="Tool" name="ChipPlanner" state="0" vendor="Actel" version="1.0.102"><configuration/><input_files/><output_files/><report_files/></tool><tool Constraint_Default="true" Simulation_Default="true" Source_Default="true" Stimulus_Default="true" force_pass="false" internal_name="DEV_MEM_INIT" library="Tool" name="DeviceAndMemoryInitialization" state="0" vendor="Actel" version="1.0.29"><configuration><spirit:hwParameter spirit:name="DEV_MEM_INIT_AUTO_CALIB_TIMEOUT">3000</spirit:hwParameter><spirit:hwParameter spirit:name="DEV_MEM_INIT_FIRST_STAGE_START_ADDRESS">00000000</spirit:hwParameter><spirit:hwParameter spirit:name="DEV_MEM_INIT_OVERRIDE_FILE"/><spirit:hwParameter spirit:name="DEV_MEM_INIT_RAMS_BROADCAST_OPTION">1</spirit:hwParameter><spirit:hwParameter spirit:name="DEV_MEM_INIT_SECOND_STAGE_MEMORY_TYPE_REPLACE_FLOW"/><spirit:hwParameter spirit:name="DEV_MEM_INIT_SNVM_SECOND_STAGE_START_ADDRESS">00000000</spirit:hwParameter><spirit:hwParameter spirit:name="DEV_MEM_INIT_SPI_BINDING">SPIFLASH_NO_BINDING_PLAINTEXT</spirit:hwParameter><spirit:hwParameter spirit:name="DEV_MEM_INIT_SPI_CLOCK_DIVIDER">2</spirit:hwParameter><spirit:hwParameter spirit:name="DEV_MEM_INIT_SPI_SECOND_STAGE_START_ADDRESS">00000400</spirit:hwParameter><spirit:hwParameter spirit:name="DEV_MEM_INIT_STANDALONE_INITIALIZATION_OPTION">0</spirit:hwParameter><spirit:hwParameter spirit:name="DEV_MEM_INIT_TIMEOUT">255</spirit:hwParameter><spirit:hwParameter spirit:name="DEV_MEM_INIT_UPROM_SECOND_STAGE_START_ADDRESS">00000000</spirit:hwParameter></configuration><input_files/><output_files/><report_files/></tool><tool Constraint_Default="true" Simulation_Default="true" Source_Default="true" Stimulus_Default="true" force_pass="false" internal_name="CONSTRAINT_MANAGEMENT" library="Tool" name="Constraintmanagement" state="0" vendor="Actel" version="1.0.10"><configuration/><input_files/><output_files/><report_files/></tool><tool Constraint_Default="true" Simulation_Default="true" Source_Default="true" Stimulus_Default="true" force_pass="false" internal_name="CONFIGURE_PROG_OPTIONS" library="Tool" name="ConfigureProgOptionsG5Tool" state="0" vendor="Actel" version="1.0.100"><configuration><spirit:hwParameter spirit:name="back_level_version">0</spirit:hwParameter><spirit:hwParameter spirit:name="design_version">0</spirit:hwParameter><spirit:hwParameter spirit:name="silicon_signature"/></configuration><input_files/><output_files/><report_files/></tool><tool Constraint_Default="true" Simulation_Default="true" Source_Default="true" Stimulus_Default="true" force_pass="false" internal_name="CONFIGURE_CHAIN" library="Tool" name="ConfigureChain" state="0" vendor="Actel" version="1.0.101"><configuration/><input_files/><output_files/><report_files/></tool><tool Constraint_Default="true" Simulation_Default="true" Source_Default="true" Stimulus_Default="true" force_pass="false" internal_name="CONFIGURE_ACTION_PROCEDURES" library="Tool" name="ConfigureActionProcedures" state="0" vendor="Actel" version="1.0.100"><configuration><spirit:hwParameter spirit:name="prog_optional_procedures">""</spirit:hwParameter><spirit:hwParameter spirit:name="skip_recommended_procedures">""</spirit:hwParameter></configuration><input_files/><output_files/><report_files/></tool><tool Constraint_Default="true" Simulation_Default="true" Source_Default="true" Stimulus_Default="true" force_pass="false" internal_name="COMPILE" library="Tool" name="g4compile" state="0" vendor="Actel" version="1.0.51"><configuration><spirit:hwParameter spirit:name="BLOCK_MODE">false</spirit:hwParameter><spirit:hwParameter spirit:name="BLOCK_PLACEMENT_CONFLICTS">ERROR</spirit:hwParameter><spirit:hwParameter spirit:name="BLOCK_ROUTING_CONFLICTS">LOCK</spirit:hwParameter><spirit:hwParameter spirit:name="PA4_GB_COUNT">36</spirit:hwParameter><spirit:hwParameter spirit:name="PA4_GB_MAX_FANOUT_DATA_MOVE">5000</spirit:hwParameter><spirit:hwParameter spirit:name="PA4_GB_MAX_RCLKINT_INSERTION">16</spirit:hwParameter><spirit:hwParameter spirit:name="PA4_GB_MIN_GB_FANOUT_TO_USE_RCLKINT">1000</spirit:hwParameter></configuration><input_files/><output_files/><report_files/></tool><tool Constraint_Default="true" Simulation_Default="true" Source_Default="true" Stimulus_Default="true" force_pass="false" internal_name="PUBLISHBLOCK" library="Tool" name="PublishDesignerBlock" state="0" vendor="Actel" version="1.0.106"><configuration><spirit:hwParameter spirit:name="LANGUAGE">verilog</spirit:hwParameter><spirit:hwParameter spirit:name="LIB">UserBlock</spirit:hwParameter><spirit:hwParameter spirit:name="NAME">Block</spirit:hwParameter><spirit:hwParameter spirit:name="PLACEMENT">true</spirit:hwParameter><spirit:hwParameter spirit:name="REGION">true</spirit:hwParameter><spirit:hwParameter spirit:name="ROUTING">true</spirit:hwParameter><spirit:hwParameter spirit:name="VENDOR">Company</spirit:hwParameter><spirit:hwParameter spirit:name="VERSION">1.0</spirit:hwParameter></configuration><input_files/><output_files/><report_files/></tool><tool Constraint_Default="true" Simulation_Default="true" Source_Default="true" Stimulus_Default="true" force_pass="false" internal_name="PLACEROUTE" library="Tool" name="g5layout_placer" state="0" vendor="Actel" version="1.0.0"><configuration><spirit:hwParameter spirit:name="DELAY_ANALYSIS">MAX</spirit:hwParameter><spirit:hwParameter spirit:name="EFFORT_LEVEL">false</spirit:hwParameter><spirit:hwParameter spirit:name="GB_DEMOTION">true</spirit:hwParameter><spirit:hwParameter spirit:name="INCRPLACEANDROUTE">false</spirit:hwParameter><spirit:hwParameter spirit:name="IOREG_COMBINING">false</spirit:hwParameter><spirit:hwParameter spirit:name="MULTI_PASS_CRITERIA">VIOLATIONS</spirit:hwParameter><spirit:hwParameter spirit:name="MULTI_PASS_LAYOUT">false</spirit:hwParameter><spirit:hwParameter spirit:name="NUM_MULTI_PASSES">5</spirit:hwParameter><spirit:hwParameter spirit:name="PDPR">false</spirit:hwParameter><spirit:hwParameter spirit:name="RANDOM_SEED">0</spirit:hwParameter><spirit:hwParameter spirit:name="REPAIR_MIN_DELAY">false</spirit:hwParameter><spirit:hwParameter spirit:name="REPLICATION">false</spirit:hwParameter><spirit:hwParameter spirit:name="RGB_COUNT">18</spirit:hwParameter><spirit:hwParameter spirit:name="SLACK_CRITERIA">WORST_SLACK</spirit:hwParameter><spirit:hwParameter spirit:name="SPECIFIC_CLOCK"/><spirit:hwParameter spirit:name="START_SEED_INDEX">1</spirit:hwParameter><spirit:hwParameter spirit:name="STOP_ON_FIRST_PASS">false</spirit:hwParameter><spirit:hwParameter spirit:name="TDPR">true</spirit:hwParameter><spirit:hwParameter spirit:name="USE_RAM_MATH_INTERFACE_LOGIC">true</spirit:hwParameter></configuration><input_files/><output_files/><report_files/></tool><tool Constraint_Default="true" Simulation_Default="true" Source_Default="true" Stimulus_Default="true" force_pass="false" internal_name="GENERATEDEBUGDATA" library="Tool" name="g4layout_mapper" state="0" vendor="Actel" version="1.0.2"><configuration/><input_files/><output_files/><report_files/></tool><tool Constraint_Default="true" Simulation_Default="true" Source_Default="true" Stimulus_Default="true" force_pass="false" internal_name="GENERATEPROGRAMMINGDATA" library="Tool" name="g4layout_mapper" state="0" vendor="Actel" version="1.0.2"><configuration/><input_files/><output_files/><report_files/></tool><tool Constraint_Default="true" Simulation_Default="true" Source_Default="true" Stimulus_Default="true" force_pass="false" internal_name="GENERATE_INIT_DATA" library="Tool" name="GenerateInitializationData" state="0" vendor="Actel" version="1.0.20"><configuration/><input_files/><output_files/><report_files/></tool><tool Constraint_Default="true" Simulation_Default="true" Source_Default="true" Stimulus_Default="true" force_pass="false" internal_name="EXPORTSMARTDEBUGDATA" library="Tool" name="ExportSmartDebugDataG5" state="0" vendor="Actel" version="1.0.100"><configuration/><input_files/><output_files/><report_files/></tool><tool Constraint_Default="true" Simulation_Default="true" Source_Default="true" Stimulus_Default="true" force_pass="false" internal_name="EXPORTJOBDATA" library="Tool" name="ExportJobDataG5" state="0" vendor="Actel" version="1.0.100"><configuration/><input_files/><output_files/><report_files/></tool><tool Constraint_Default="true" Simulation_Default="true" Source_Default="true" Stimulus_Default="true" force_pass="false" internal_name="EXPORTPROGRAMMINGJOB" library="Tool" name="ExportProgJobG5" state="0" vendor="Actel" version="1.0.100"><configuration/><input_files/><output_files/><report_files/></tool><tool Constraint_Default="true" Simulation_Default="true" Source_Default="true" Stimulus_Default="true" force_pass="false" internal_name="EXPORTPROGRAMMINGFILE" library="Tool" name="ExportProgFileG5" state="0" vendor="Actel" version="1.0.100"><configuration/><input_files/><output_files/><report_files/></tool><tool Constraint_Default="true" Simulation_Default="true" Source_Default="true" Stimulus_Default="true" force_pass="false" internal_name="GENERATEPROGRAMMINGFILE" library="Tool" name="GenerateBitstreamG5SOC" state="0" vendor="Actel" version="1.0.101"><configuration><spirit:hwParameter spirit:name="program_envm">false</spirit:hwParameter><spirit:hwParameter spirit:name="program_fabric">true</spirit:hwParameter><spirit:hwParameter spirit:name="program_fabric_snvm">true</spirit:hwParameter><spirit:hwParameter spirit:name="program_security">false</spirit:hwParameter><spirit:hwParameter spirit:name="program_snvm">true</spirit:hwParameter><spirit:hwParameter spirit:name="sanitize_envm">false</spirit:hwParameter><spirit:hwParameter spirit:name="sanitize_snvm">false</spirit:hwParameter></configuration><input_files/><output_files/><report_files/></tool><tool Constraint_Default="true" Simulation_Default="true" Source_Default="true" Stimulus_Default="true" force_pass="false" internal_name="PROGRAMDEVICE" library="Tool" name="ProgramDeviceG5" state="0" vendor="Actel" version="1.0.101"><configuration><spirit:hwParameter spirit:name="prog_action"/></configuration><input_files/><output_files/><report_files/></tool><tool Constraint_Default="true" Simulation_Default="true" Source_Default="true" Stimulus_Default="true" force_pass="false" internal_name="INSTRUMENTDESIGN" library="Tool" name="InstrumentDesign" state="0" vendor="Actel" version="1.0.100"><configuration/><input_files/><output_files/><report_files/></tool><tool Constraint_Default="true" Simulation_Default="true" Source_Default="true" Stimulus_Default="true" force_pass="false" internal_name="EXPORTSDF" library="Tool" name="g4ba" state="0" vendor="Actel" version="1.0.13"><configuration><spirit:hwParameter spirit:name="DELAY_TYPE">false</spirit:hwParameter></configuration><input_files/><output_files/><report_files/></tool><tool Constraint_Default="true" Simulation_Default="true" Source_Default="true" Stimulus_Default="true" force_pass="false" internal_name="SIM_POSTLAYOUT" library="Tool" name="BackAnnotatedSimulation" state="0" vendor="Actel" version="1.0.100"><configuration/><input_files/><output_files/><report_files/></tool><tool Constraint_Default="true" Simulation_Default="true" Source_Default="true" Stimulus_Default="true" force_pass="false" internal_name="EXPORTG5IBIS" library="Tool" name="ExportG5IBIS" state="0" vendor="Actel" version="1.0.101"><configuration/><input_files/><output_files/><report_files/></tool><tool Constraint_Default="true" Simulation_Default="true" Source_Default="true" Stimulus_Default="true" force_pass="false" internal_name="EXPORTBSDL" library="Tool" name="ExportBSDL" state="0" vendor="Actel" version="1.0.100"><configuration/><input_files/><output_files/><report_files/></tool><tool Constraint_Default="true" Simulation_Default="true" Source_Default="true" Stimulus_Default="true" force_pass="false" internal_name="EXPORTPIN" library="Tool" name="pinrpt" state="0" vendor="Actel" version="1.0.12"><configuration><spirit:hwParameter spirit:name="PINRPT_BY_NAME">true</spirit:hwParameter><spirit:hwParameter spirit:name="PINRPT_BY_NUMBER">true</spirit:hwParameter></configuration><input_files/><output_files/><report_files/></tool><tool Constraint_Default="true" Simulation_Default="true" Source_Default="true" Stimulus_Default="true" force_pass="false" internal_name="SSNANALYZER" library="Tool" name="SSNAnalyzer" state="0" vendor="Actel" version="1.0.100"><configuration/><input_files/><output_files/><report_files/></tool><tool Constraint_Default="true" Simulation_Default="true" Source_Default="true" Stimulus_Default="true" force_pass="false" internal_name="VERIFYPOWER" library="Tool" name="SmartPower" state="0" vendor="Actel" version="1.0.102"><configuration><spirit:hwParameter spirit:name="SP_VDDAUX_POWER_25_33">false</spirit:hwParameter><spirit:hwParameter spirit:name="SP_VPP_POWER_25_33">false</spirit:hwParameter></configuration><input_files/><output_files/><report_files/></tool><tool Constraint_Default="true" Simulation_Default="true" Source_Default="true" Stimulus_Default="true" force_pass="false" internal_name="VERIFYTIMING_ST" library="Tool" name="st_analysis_st" state="0" vendor="Actel" version="1.0.0"><configuration/><input_files/><output_files/><report_files/></tool><tool Constraint_Default="true" Simulation_Default="true" Source_Default="true" Stimulus_Default="true" force_pass="false" internal_name="VERIFYTIMING" library="Tool" name="st_analysis" state="0" vendor="Actel" version="1.0.18"><configuration><spirit:hwParameter spirit:name="CONSTRAINTS_COVERAGE">true</spirit:hwParameter><spirit:hwParameter spirit:name="FORMAT">XML</spirit:hwParameter><spirit:hwParameter spirit:name="MAX_EXPANDED_PATHS_TIMING">1</spirit:hwParameter><spirit:hwParameter spirit:name="MAX_EXPANDED_PATHS_VIOLATION">0</spirit:hwParameter><spirit:hwParameter spirit:name="MAX_PARALLEL_PATHS_TIMING">1</spirit:hwParameter><spirit:hwParameter spirit:name="MAX_PARALLEL_PATHS_VIOLATION">1</spirit:hwParameter><spirit:hwParameter spirit:name="MAX_PATHS_INTERACTIVE_REPORT">1000</spirit:hwParameter><spirit:hwParameter spirit:name="MAX_PATHS_TIMING">5</spirit:hwParameter><spirit:hwParameter spirit:name="MAX_PATHS_VIOLATION">20</spirit:hwParameter><spirit:hwParameter spirit:name="MAX_TIMING_FAST_HV_LT">false</spirit:hwParameter><spirit:hwParameter spirit:name="MAX_TIMING_MULTI_CORNER">true</spirit:hwParameter><spirit:hwParameter spirit:name="MAX_TIMING_SLOW_LV_HT">false</spirit:hwParameter><spirit:hwParameter spirit:name="MAX_TIMING_SLOW_LV_LT">false</spirit:hwParameter><spirit:hwParameter spirit:name="MAX_TIMING_VIOLATIONS_FAST_HV_LT">false</spirit:hwParameter><spirit:hwParameter spirit:name="MAX_TIMING_VIOLATIONS_MULTI_CORNER">true</spirit:hwParameter><spirit:hwParameter spirit:name="MAX_TIMING_VIOLATIONS_SLOW_LV_HT">false</spirit:hwParameter><spirit:hwParameter spirit:name="MAX_TIMING_VIOLATIONS_SLOW_LV_LT">false</spirit:hwParameter><spirit:hwParameter spirit:name="MIN_TIMING_FAST_HV_LT">false</spirit:hwParameter><spirit:hwParameter spirit:name="MIN_TIMING_MULTI_CORNER">true</spirit:hwParameter><spirit:hwParameter spirit:name="MIN_TIMING_SLOW_LV_HT">false</spirit:hwParameter><spirit:hwParameter spirit:name="MIN_TIMING_SLOW_LV_LT">false</spirit:hwParameter><spirit:hwParameter spirit:name="MIN_TIMING_VIOLATIONS_FAST_HV_LT">false</spirit:hwParameter><spirit:hwParameter spirit:name="MIN_TIMING_VIOLATIONS_MULTI_CORNER">true</spirit:hwParameter><spirit:hwParameter spirit:name="MIN_TIMING_VIOLATIONS_SLOW_LV_HT">false</spirit:hwParameter><spirit:hwParameter spirit:name="MIN_TIMING_VIOLATIONS_SLOW_LV_LT">false</spirit:hwParameter><spirit:hwParameter spirit:name="SLACK_THRESHOLD_VIOLATION">0.0</spirit:hwParameter><spirit:hwParameter spirit:name="SMART_INTERACTIVE">true</spirit:hwParameter></configuration><input_files/><output_files/><report_files/></tool></toolSetting>